Classification,Year,Period,Period Desc.,Aggregate Level,Is Leaf Code,Trade Flow Code,Trade Flow,Reporter Code,Reporter,Reporter ISO,Partner Code,Partner,Partner ISO,2nd Partner Code,2nd Partner,2nd Partner ISO,Customs Proc. Code,Customs,Mode of Transport Code,Mode of Transport,Commodity Code,Commodity,Qty Unit Code,Qty Unit,Qty,Alt Qty Unit Code,Alt Qty Unit,Alt Qty,Netweight (kg),Gross weight (kg),Trade Value (US$),CIF Trade Value (US$),FOB Trade Value (US$),Flag
HS,2014,201401,January 2014,4,0,1,Imports,826,United Kingdom,,0,World,,,,,,,,,1511,"Palm oil and its fractions, not chemically modified",0,,,,,,32825863.0,,30453298,,,0
HS,2014,201401,January 2014,4,0,2,Exports,826,United Kingdom,,0,World,,,,,,,,,1511,"Palm oil and its fractions, not chemically modified",0,,,,,,1794592.0,,3232246,,,0
HS,2014,201401,January 2014,4,0,2,Exports,826,United Kingdom,,36,Australia,,,,,,,,,1511,"Palm oil and its fractions, not chemically modified",0,,,,,,9000.0,,17614,,,0
HS,2014,201401,January 2014,4,0,2,Exports,826,United Kingdom,,40,Austria,,,,,,,,,1511,"Palm oil and its fractions, not chemically modified",0,,,,,,402.0,,1614,,,0
HS,2014,201401,January 2014,4,0,2,Exports,826,United Kingdom,,56,Belgium,,,,,,,,,1511,"Palm oil and its fractions, not chemically modified",0,,,,,,10894.0,,33057,,,0
HS,2014,201401,January 2014,4,0,1,Imports,826,United Kingdom,,76,Brazil,,,,,,,,,1511,"Palm oil and its fractions, not chemically modified",0,,,,,,1992888.0,,1663182,,,0
HS,2014,201401,January 2014,4,0,2,Exports,826,United Kingdom,,76,Brazil,,,,,,,,,1511,"Palm oil and its fractions, not chemically modified",0,,,,,,410.0,,20261,,,0
HS,2014,201401,January 2014,4,0,1,Imports,826,United Kingdom,,90,Solomon Isds,,,,,,,,,1511,"Palm oil and its fractions, not chemically modified",0,,,,,,2401970.0,,2004587,,,0
HS,2014,201401,January 2014,4,0,2,Exports,826,United Kingdom,,208,Denmark,,,,,,,,,1511,"Palm oil and its fractions, not chemically modified",0,,,,,,185.0,,1621,,,0
HS,2014,201401,January 2014,4,0,2,Exports,826,United Kingdom,,233,Estonia,,,,,,,,,1511,"Palm oil and its fractions, not chemically modified",0,,,,,,235.0,,102,,,0
HS,2014,201401,January 2014,4,0,2,Exports,826,United Kingdom,,246,Finland,,,,,,,,,1511,"Palm oil and its fractions, not chemically modified",0,,,,,,31293.0,,43643,,,0
HS,2014,201401,January 2014,4,0,1,Imports,826,United Kingdom,,251,France,,,,,,,,,1511,"Palm oil and its fractions, not chemically modified",0,,,,,,12645.0,,43918,,,0
HS,2014,201401,January 2014,4,0,2,Exports,826,United Kingdom,,251,France,,,,,,,,,1511,"Palm oil and its fractions, not chemically modified",0,,,,,,58264.0,,142931,,,0
HS,2014,201401,January 2014,4,0,1,Imports,826,United Kingdom,,276,Germany,,,,,,,,,1511,"Palm oil and its fractions, not chemically modified",0,,,,,,219143.0,,301684,,,0
HS,2014,201401,January 2014,4,0,2,Exports,826,United Kingdom,,276,Germany,,,,,,,,,1511,"Palm oil and its fractions, not chemically modified",0,,,,,,270589.0,,362262,,,0
HS,2014,201401,January 2014,4,0,1,Imports,826,United Kingdom,,288,Ghana,,,,,,,,,1511,"Palm oil and its fractions, not chemically modified",0,,,,,,40882.0,,58990,,,0
HS,2014,201401,January 2014,4,0,1,Imports,826,United Kingdom,,360,Indonesia,,,,,,,,,1511,"Palm oil and its fractions, not chemically modified",0,,,,,,1991243.0,,1553443,,,0
HS,2014,201401,January 2014,4,0,2,Exports,826,United Kingdom,,372,Ireland,,,,,,,,,1511,"Palm oil and its fractions, not chemically modified",0,,,,,,1260527.0,,2201263,,,0
HS,2014,201401,January 2014,4,0,2,Exports,826,United Kingdom,,381,Italy,,,,,,,,,1511,"Palm oil and its fractions, not chemically modified",0,,,,,,10351.0,,32118,,,0
HS,2014,201401,January 2014,4,0,2,Exports,826,United Kingdom,,458,Malaysia,,,,,,,,,1511,"Palm oil and its fractions, not chemically modified",0,,,,,,110.0,,18355,,,0
HS,2014,201401,January 2014,4,0,2,Exports,826,United Kingdom,,470,Malta,,,,,,,,,1511,"Palm oil and its fractions, not chemically modified",0,,,,,,52145.0,,87950,,,0
HS,2014,201401,January 2014,4,0,2,Exports,826,United Kingdom,,512,Oman,,,,,,,,,1511,"Palm oil and its fractions, not chemically modified",0,,,,,,2080.0,,11278,,,0
HS,2014,201401,January 2014,4,0,1,Imports,826,United Kingdom,,528,Netherlands,,,,,,,,,1511,"Palm oil and its fractions, not chemically modified",0,,,,,,4461259.0,,5500359,,,0
HS,2014,201401,January 2014,4,0,2,Exports,826,United Kingdom,,528,Netherlands,,,,,,,,,1511,"Palm oil and its fractions, not chemically modified",0,,,,,,6850.0,,19428,,,0
HS,2014,201401,January 2014,4,0,1,Imports,826,United Kingdom,,598,Papua New Guinea,,,,,,,,,1511,"Palm oil and its fractions, not chemically modified",0,,,,,,21041698.0,,18497625,,,0
HS,2014,201401,January 2014,4,0,1,Imports,826,United Kingdom,,616,Poland,,,,,,,,,1511,"Palm oil and its fractions, not chemically modified",0,,,,,,726.0,,936,,,0
HS,2014,201401,January 2014,4,0,2,Exports,826,United Kingdom,,616,Poland,,,,,,,,,1511,"Palm oil and its fractions, not chemically modified",0,,,,,,18334.0,,37352,,,0
HS,2014,201401,January 2014,4,0,2,Exports,826,United Kingdom,,620,Portugal,,,,,,,,,1511,"Palm oil and its fractions, not chemically modified",0,,,,,,1900.0,,3812,,,0
HS,2014,201401,January 2014,4,0,2,Exports,826,United Kingdom,,642,Romania,,,,,,,,,1511,"Palm oil and its fractions, not chemically modified",0,,,,,,24.0,,119,,,0
HS,2014,201401,January 2014,4,0,2,Exports,826,United Kingdom,,682,Saudi Arabia,,,,,,,,,1511,"Palm oil and its fractions, not chemically modified",0,,,,,,9000.0,,27877,,,0
HS,2014,201401,January 2014,4,0,1,Imports,826,United Kingdom,,694,Sierra Leone,,,,,,,,,1511,"Palm oil and its fractions, not chemically modified",0,,,,,,17900.0,,3456,,,0
HS,2014,201401,January 2014,4,0,2,Exports,826,United Kingdom,,699,India,,,,,,,,,1511,"Palm oil and its fractions, not chemically modified",0,,,,,,100.0,,2871,,,0
HS,2014,201401,January 2014,4,0,2,Exports,826,United Kingdom,,703,Slovakia,,,,,,,,,1511,"Palm oil and its fractions, not chemically modified",0,,,,,,72.0,,641,,,0
HS,2014,201401,January 2014,4,0,1,Imports,826,United Kingdom,,724,Spain,,,,,,,,,1511,"Palm oil and its fractions, not chemically modified",0,,,,,,645509.0,,825117,,,0
HS,2014,201401,January 2014,4,0,2,Exports,826,United Kingdom,,724,Spain,,,,,,,,,1511,"Palm oil and its fractions, not chemically modified",0,,,,,,27827.0,,140193,,,0
HS,2014,201401,January 2014,4,0,2,Exports,826,United Kingdom,,757,Switzerland,,,,,,,,,1511,"Palm oil and its fractions, not chemically modified",0,,,,,,5000.0,,7064,,,0
HS,2014,201401,January 2014,4,0,2,Exports,826,United Kingdom,,784,United Arab Emirates,,,,,,,,,1511,"Palm oil and its fractions, not chemically modified",0,,,,,,19000.0,,18818,,,0
HS,2014,201402,February 2014,4,0,1,Imports,826,United Kingdom,,0,World,,,,,,,,,1511,"Palm oil and its fractions, not chemically modified",0,,,,,,31603942.0,,29950202,,,0
HS,2014,201402,February 2014,4,0,2,Exports,826,United Kingdom,,0,World,,,,,,,,,1511,"Palm oil and its fractions, not chemically modified",0,,,,,,1692551.0,,2916552,,,0
HS,2014,201402,February 2014,4,0,2,Exports,826,United Kingdom,,40,Austria,,,,,,,,,1511,"Palm oil and its fractions, not chemically modified",0,,,,,,3667.0,,10391,,,0
HS,2014,201402,February 2014,4,0,2,Exports,826,United Kingdom,,56,Belgium,,,,,,,,,1511,"Palm oil and its fractions, not chemically modified",0,,,,,,212.0,,190,,,0
HS,2014,201402,February 2014,4,0,1,Imports,826,United Kingdom,,76,Brazil,,,,,,,,,1511,"Palm oil and its fractions, not chemically modified",0,,,,,,336.0,,2220,,,0
HS,2014,201402,February 2014,4,0,2,Exports,826,United Kingdom,,76,Brazil,,,,,,,,,1511,"Palm oil and its fractions, not chemically modified",0,,,,,,90.0,,3402,,,0
HS,2014,201402,February 2014,4,0,1,Imports,826,United Kingdom,,90,Solomon Isds,,,,,,,,,1511,"Palm oil and its fractions, not chemically modified",0,,,,,,2702508.0,,2430943,,,0
HS,2014,201402,February 2014,4,0,1,Imports,826,United Kingdom,,170,Colombia,,,,,,,,,1511,"Palm oil and its fractions, not chemically modified",0,,,,,,20700.0,,42498,,,0
HS,2014,201402,February 2014,4,0,2,Exports,826,United Kingdom,,196,Cyprus,,,,,,,,,1511,"Palm oil and its fractions, not chemically modified",0,,,,,,1251.0,,1030,,,0
HS,2014,201402,February 2014,4,0,2,Exports,826,United Kingdom,,208,Denmark,,,,,,,,,1511,"Palm oil and its fractions, not chemically modified",0,,,,,,135.0,,663,,,0
HS,2014,201402,February 2014,4,0,2,Exports,826,United Kingdom,,233,Estonia,,,,,,,,,1511,"Palm oil and its fractions, not chemically modified",0,,,,,,78.0,,38,,,0
HS,2014,201402,February 2014,4,0,2,Exports,826,United Kingdom,,246,Finland,,,,,,,,,1511,"Palm oil and its fractions, not chemically modified",0,,,,,,26482.0,,34694,,,0
HS,2014,201402,February 2014,4,0,1,Imports,826,United Kingdom,,251,France,,,,,,,,,1511,"Palm oil and its fractions, not chemically modified",0,,,,,,33.0,,420,,,0
HS,2014,201402,February 2014,4,0,2,Exports,826,United Kingdom,,251,France,,,,,,,,,1511,"Palm oil and its fractions, not chemically modified",0,,,,,,33209.0,,77279,,,0
HS,2014,201402,February 2014,4,0,1,Imports,826,United Kingdom,,276,Germany,,,,,,,,,1511,"Palm oil and its fractions, not chemically modified",0,,,,,,303520.0,,424272,,,0
HS,2014,201402,February 2014,4,0,2,Exports,826,United Kingdom,,276,Germany,,,,,,,,,1511,"Palm oil and its fractions, not chemically modified",0,,,,,,275502.0,,343089,,,0
HS,2014,201402,February 2014,4,0,1,Imports,826,United Kingdom,,288,Ghana,,,,,,,,,1511,"Palm oil and its fractions, not chemically modified",0,,,,,,73296.0,,156961,,,0
HS,2014,201402,February 2014,4,0,2,Exports,826,United Kingdom,,348,Hungary,,,,,,,,,1511,"Palm oil and its fractions, not chemically modified",0,,,,,,47.0,,278,,,0
HS,2014,201402,February 2014,4,0,1,Imports,826,United Kingdom,,360,Indonesia,,,,,,,,,1511,"Palm oil and its fractions, not chemically modified",0,,,,,,2175657.0,,1824255,,,0
HS,2014,201402,February 2014,4,0,2,Exports,826,United Kingdom,,372,Ireland,,,,,,,,,1511,"Palm oil and its fractions, not chemically modified",0,,,,,,1030373.0,,1687390,,,0
HS,2014,201402,February 2014,4,0,2,Exports,826,United Kingdom,,381,Italy,,,,,,,,,1511,"Palm oil and its fractions, not chemically modified",0,,,,,,31521.0,,72270,,,0
HS,2014,201402,February 2014,4,0,1,Imports,826,United Kingdom,,458,Malaysia,,,,,,,,,1511,"Palm oil and its fractions, not chemically modified",0,,,,,,7856852.0,,6805562,,,0
HS,2014,201402,February 2014,4,0,2,Exports,826,United Kingdom,,470,Malta,,,,,,,,,1511,"Palm oil and its fractions, not chemically modified",0,,,,,,52323.0,,88880,,,0
HS,2014,201402,February 2014,4,0,2,Exports,826,United Kingdom,,504,Morocco,,,,,,,,,1511,"Palm oil and its fractions, not chemically modified",0,,,,,,3364.0,,21630,,,0
HS,2014,201402,February 2014,4,0,1,Imports,826,United Kingdom,,528,Netherlands,,,,,,,,,1511,"Palm oil and its fractions, not chemically modified",0,,,,,,4228573.0,,5290302,,,0
HS,2014,201402,February 2014,4,0,2,Exports,826,United Kingdom,,528,Netherlands,,,,,,,,,1511,"Palm oil and its fractions, not chemically modified",0,,,,,,60866.0,,108145,,,0
HS,2014,201402,February 2014,4,0,1,Imports,826,United Kingdom,,598,Papua New Guinea,,,,,,,,,1511,"Palm oil and its fractions, not chemically modified",0,,,,,,13686151.0,,12151818,,,0
HS,2014,201402,February 2014,4,0,1,Imports,826,United Kingdom,,616,Poland,,,,,,,,,1511,"Palm oil and its fractions, not chemically modified",0,,,,,,2218.0,,3050,,,0
HS,2014,201402,February 2014,4,0,2,Exports,826,United Kingdom,,616,Poland,,,,,,,,,1511,"Palm oil and its fractions, not chemically modified",0,,,,,,9832.0,,20919,,,0
HS,2014,201402,February 2014,4,0,1,Imports,826,United Kingdom,,620,Portugal,,,,,,,,,1511,"Palm oil and its fractions, not chemically modified",0,,,,,,1003.0,,2135,,,0
HS,2014,201402,February 2014,4,0,2,Exports,826,United Kingdom,,620,Portugal,,,,,,,,,1511,"Palm oil and its fractions, not chemically modified",0,,,,,,3224.0,,12331,,,0
HS,2014,201402,February 2014,4,0,2,Exports,826,United Kingdom,,642,Romania,,,,,,,,,1511,"Palm oil and its fractions, not chemically modified",0,,,,,,68.0,,371,,,0
HS,2014,201402,February 2014,4,0,1,Imports,826,United Kingdom,,724,Spain,,,,,,,,,1511,"Palm oil and its fractions, not chemically modified",0,,,,,,553095.0,,815766,,,0
HS,2014,201402,February 2014,4,0,2,Exports,826,United Kingdom,,724,Spain,,,,,,,,,1511,"Palm oil and its fractions, not chemically modified",0,,,,,,23053.0,,110479,,,0
HS,2014,201402,February 2014,4,0,2,Exports,826,United Kingdom,,752,Sweden,,,,,,,,,1511,"Palm oil and its fractions, not chemically modified",0,,,,,,113503.0,,160672,,,0
HS,2014,201402,February 2014,4,0,2,Exports,826,United Kingdom,,842,United States of America,,,,,,,,,1511,"Palm oil and its fractions, not chemically modified",0,,,,,,23751.0,,162407,,,0
HS,2014,201403,March 2014,4,0,1,Imports,826,United Kingdom,,0,World,,,,,,,,,1511,"Palm oil and its fractions, not chemically modified",0,,,,,,39373392.0,,37723949,,,0
HS,2014,201403,March 2014,4,0,2,Exports,826,United Kingdom,,0,World,,,,,,,,,1511,"Palm oil and its fractions, not chemically modified",0,,,,,,1819377.0,,3097296,,,0
HS,2014,201403,March 2014,4,0,2,Exports,826,United Kingdom,,40,Austria,,,,,,,,,1511,"Palm oil and its fractions, not chemically modified",0,,,,,,10313.0,,20003,,,0
HS,2014,201403,March 2014,4,0,1,Imports,826,United Kingdom,,56,Belgium,,,,,,,,,1511,"Palm oil and its fractions, not chemically modified",0,,,,,,140.0,,409,,,0
HS,2014,201403,March 2014,4,0,2,Exports,826,United Kingdom,,56,Belgium,,,,,,,,,1511,"Palm oil and its fractions, not chemically modified",0,,,,,,5793.0,,17930,,,0
HS,2014,201403,March 2014,4,0,1,Imports,826,United Kingdom,,90,Solomon Isds,,,,,,,,,1511,"Palm oil and its fractions, not chemically modified",0,,,,,,3027467.0,,2825310,,,0
HS,2014,201403,March 2014,4,0,2,Exports,826,United Kingdom,,100,Bulgaria,,,,,,,,,1511,"Palm oil and its fractions, not chemically modified",0,,,,,,7.0,,15,,,0
HS,2014,201403,March 2014,4,0,2,Exports,826,United Kingdom,,156,China,,,,,,,,,1511,"Palm oil and its fractions, not chemically modified",0,,,,,,3500.0,,7431,,,0
HS,2014,201403,March 2014,4,0,1,Imports,826,United Kingdom,,170,Colombia,,,,,,,,,1511,"Palm oil and its fractions, not chemically modified",0,,,,,,20700.0,,42430,,,0
HS,2014,201403,March 2014,4,0,2,Exports,826,United Kingdom,,208,Denmark,,,,,,,,,1511,"Palm oil and its fractions, not chemically modified",0,,,,,,128.0,,583,,,0
HS,2014,201403,March 2014,4,0,2,Exports,826,United Kingdom,,233,Estonia,,,,,,,,,1511,"Palm oil and its fractions, not chemically modified",0,,,,,,20.0,,45,,,0
HS,2014,201403,March 2014,4,0,2,Exports,826,United Kingdom,,246,Finland,,,,,,,,,1511,"Palm oil and its fractions, not chemically modified",0,,,,,,22194.0,,30993,,,0
HS,2014,201403,March 2014,4,0,1,Imports,826,United Kingdom,,251,France,,,,,,,,,1511,"Palm oil and its fractions, not chemically modified",0,,,,,,1717.0,,6425,,,0
HS,2014,201403,March 2014,4,0,2,Exports,826,United Kingdom,,251,France,,,,,,,,,1511,"Palm oil and its fractions, not chemically modified",0,,,,,,61424.0,,142175,,,0
HS,2014,201403,March 2014,4,0,1,Imports,826,United Kingdom,,276,Germany,,,,,,,,,1511,"Palm oil and its fractions, not chemically modified",0,,,,,,283539.0,,382938,,,0
HS,2014,201403,March 2014,4,0,2,Exports,826,United Kingdom,,276,Germany,,,,,,,,,1511,"Palm oil and its fractions, not chemically modified",0,,,,,,239908.0,,307074,,,0
HS,2014,201403,March 2014,4,0,1,Imports,826,United Kingdom,,288,Ghana,,,,,,,,,1511,"Palm oil and its fractions, not chemically modified",0,,,,,,2850.0,,9195,,,0
HS,2014,201403,March 2014,4,0,2,Exports,826,United Kingdom,,352,Iceland,,,,,,,,,1511,"Palm oil and its fractions, not chemically modified",0,,,,,,1000.0,,1563,,,0
HS,2014,201403,March 2014,4,0,1,Imports,826,United Kingdom,,360,Indonesia,,,,,,,,,1511,"Palm oil and its fractions, not chemically modified",0,,,,,,11352755.0,,9978886,,,0
HS,2014,201403,March 2014,4,0,2,Exports,826,United Kingdom,,372,Ireland,,,,,,,,,1511,"Palm oil and its fractions, not chemically modified",0,,,,,,1394251.0,,2302337,,,0
HS,2014,201403,March 2014,4,0,2,Exports,826,United Kingdom,,381,Italy,,,,,,,,,1511,"Palm oil and its fractions, not chemically modified",0,,,,,,24858.0,,56359,,,0
HS,2014,201403,March 2014,4,0,2,Exports,826,United Kingdom,,392,Japan,,,,,,,,,1511,"Palm oil and its fractions, not chemically modified",0,,,,,,400.0,,17676,,,0
HS,2014,201403,March 2014,4,0,2,Exports,826,United Kingdom,,440,Lithuania,,,,,,,,,1511,"Palm oil and its fractions, not chemically modified",0,,,,,,20.0,,58,,,0
HS,2014,201403,March 2014,4,0,1,Imports,826,United Kingdom,,458,Malaysia,,,,,,,,,1511,"Palm oil and its fractions, not chemically modified",0,,,,,,4782619.0,,4714250,,,0
HS,2014,201403,March 2014,4,0,2,Exports,826,United Kingdom,,512,Oman,,,,,,,,,1511,"Palm oil and its fractions, not chemically modified",0,,,,,,36.0,,5496,,,0
HS,2014,201403,March 2014,4,0,1,Imports,826,United Kingdom,,528,Netherlands,,,,,,,,,1511,"Palm oil and its fractions, not chemically modified",0,,,,,,3691324.0,,4715312,,,0
HS,2014,201403,March 2014,4,0,2,Exports,826,United Kingdom,,528,Netherlands,,,,,,,,,1511,"Palm oil and its fractions, not chemically modified",0,,,,,,5154.0,,16314,,,0
HS,2014,201403,March 2014,4,0,1,Imports,826,United Kingdom,,598,Papua New Guinea,,,,,,,,,1511,"Palm oil and its fractions, not chemically modified",0,,,,,,15567422.0,,14290119,,,0
HS,2014,201403,March 2014,4,0,1,Imports,826,United Kingdom,,616,Poland,,,,,,,,,1511,"Palm oil and its fractions, not chemically modified",0,,,,,,5664.0,,7845,,,0
HS,2014,201403,March 2014,4,0,2,Exports,826,United Kingdom,,616,Poland,,,,,,,,,1511,"Palm oil and its fractions, not chemically modified",0,,,,,,14228.0,,29775,,,0
HS,2014,201403,March 2014,4,0,2,Exports,826,United Kingdom,,620,Portugal,,,,,,,,,1511,"Palm oil and its fractions, not chemically modified",0,,,,,,2850.0,,5724,,,0
HS,2014,201403,March 2014,4,0,2,Exports,826,United Kingdom,,643,Russian Federation,,,,,,,,,1511,"Palm oil and its fractions, not chemically modified",0,,,,,,1000.0,,2070,,,0
HS,2014,201403,March 2014,4,0,2,Exports,826,United Kingdom,,682,Saudi Arabia,,,,,,,,,1511,"Palm oil and its fractions, not chemically modified",0,,,,,,9000.0,,28130,,,0
HS,2014,201403,March 2014,4,0,1,Imports,826,United Kingdom,,694,Sierra Leone,,,,,,,,,1511,"Palm oil and its fractions, not chemically modified",0,,,,,,19925.0,,9218,,,0
HS,2014,201403,March 2014,4,0,2,Exports,826,United Kingdom,,703,Slovakia,,,,,,,,,1511,"Palm oil and its fractions, not chemically modified",0,,,,,,72.0,,637,,,0
HS,2014,201403,March 2014,4,0,1,Imports,826,United Kingdom,,724,Spain,,,,,,,,,1511,"Palm oil and its fractions, not chemically modified",0,,,,,,617270.0,,741612,,,0
HS,2014,201403,March 2014,4,0,2,Exports,826,United Kingdom,,724,Spain,,,,,,,,,1511,"Palm oil and its fractions, not chemically modified",0,,,,,,18994.0,,82516,,,0
HS,2014,201403,March 2014,4,0,2,Exports,826,United Kingdom,,752,Sweden,,,,,,,,,1511,"Palm oil and its fractions, not chemically modified",0,,,,,,259.0,,1147,,,0
HS,2014,201403,March 2014,4,0,2,Exports,826,United Kingdom,,757,Switzerland,,,,,,,,,1511,"Palm oil and its fractions, not chemically modified",0,,,,,,1528.0,,3933,,,0
HS,2014,201403,March 2014,4,0,2,Exports,826,United Kingdom,,792,Turkey,,,,,,,,,1511,"Palm oil and its fractions, not chemically modified",0,,,,,,2440.0,,17312,,,0
HS,2014,201404,April 2014,4,0,1,Imports,826,United Kingdom,,0,World,,,,,,,,,1511,"Palm oil and its fractions, not chemically modified",0,,,,,,31868326.0,,30888330,,,0
HS,2014,201404,April 2014,4,0,2,Exports,826,United Kingdom,,0,World,,,,,,,,,1511,"Palm oil and its fractions, not chemically modified",0,,,,,,1983576.0,,3519323,,,0
HS,2014,201404,April 2014,4,0,2,Exports,826,United Kingdom,,40,Austria,,,,,,,,,1511,"Palm oil and its fractions, not chemically modified",0,,,,,,1262.0,,3900,,,0
HS,2014,201404,April 2014,4,0,1,Imports,826,United Kingdom,,56,Belgium,,,,,,,,,1511,"Palm oil and its fractions, not chemically modified",0,,,,,,480.0,,1645,,,0
HS,2014,201404,April 2014,4,0,2,Exports,826,United Kingdom,,56,Belgium,,,,,,,,,1511,"Palm oil and its fractions, not chemically modified",0,,,,,,12162.0,,38771,,,0
HS,2014,201404,April 2014,4,0,1,Imports,826,United Kingdom,,90,Solomon Isds,,,,,,,,,1511,"Palm oil and its fractions, not chemically modified",0,,,,,,1951617.0,,1831471,,,0
HS,2014,201404,April 2014,4,0,2,Exports,826,United Kingdom,,156,China,,,,,,,,,1511,"Palm oil and its fractions, not chemically modified",0,,,,,,4500.0,,7482,,,0
HS,2014,201404,April 2014,4,0,1,Imports,826,United Kingdom,,170,Colombia,,,,,,,,,1511,"Palm oil and its fractions, not chemically modified",0,,,,,,1036634.0,,1088646,,,0
HS,2014,201404,April 2014,4,0,2,Exports,826,United Kingdom,,208,Denmark,,,,,,,,,1511,"Palm oil and its fractions, not chemically modified",0,,,,,,5884.0,,13278,,,0
HS,2014,201404,April 2014,4,0,2,Exports,826,United Kingdom,,233,Estonia,,,,,,,,,1511,"Palm oil and its fractions, not chemically modified",0,,,,,,110.0,,105,,,0
HS,2014,201404,April 2014,4,0,2,Exports,826,United Kingdom,,246,Finland,,,,,,,,,1511,"Palm oil and its fractions, not chemically modified",0,,,,,,20689.0,,28753,,,0
HS,2014,201404,April 2014,4,0,1,Imports,826,United Kingdom,,251,France,,,,,,,,,1511,"Palm oil and its fractions, not chemically modified",0,,,,,,3402.0,,13048,,,0
HS,2014,201404,April 2014,4,0,2,Exports,826,United Kingdom,,251,France,,,,,,,,,1511,"Palm oil and its fractions, not chemically modified",0,,,,,,52989.0,,133075,,,0
HS,2014,201404,April 2014,4,0,1,Imports,826,United Kingdom,,276,Germany,,,,,,,,,1511,"Palm oil and its fractions, not chemically modified",0,,,,,,493358.0,,420699,,,0
HS,2014,201404,April 2014,4,0,2,Exports,826,United Kingdom,,276,Germany,,,,,,,,,1511,"Palm oil and its fractions, not chemically modified",0,,,,,,254503.0,,325685,,,0
HS,2014,201404,April 2014,4,0,1,Imports,826,United Kingdom,,288,Ghana,,,,,,,,,1511,"Palm oil and its fractions, not chemically modified",0,,,,,,60636.0,,79855,,,0
HS,2014,201404,April 2014,4,0,1,Imports,826,United Kingdom,,360,Indonesia,,,,,,,,,1511,"Palm oil and its fractions, not chemically modified",0,,,,,,5230144.0,,4659742,,,0
HS,2014,201404,April 2014,4,0,2,Exports,826,United Kingdom,,372,Ireland,,,,,,,,,1511,"Palm oil and its fractions, not chemically modified",0,,,,,,1563280.0,,2745945,,,0
HS,2014,201404,April 2014,4,0,2,Exports,826,United Kingdom,,376,Israel,,,,,,,,,1511,"Palm oil and its fractions, not chemically modified",0,,,,,,545.0,,1421,,,0
HS,2014,201404,April 2014,4,0,2,Exports,826,United Kingdom,,381,Italy,,,,,,,,,1511,"Palm oil and its fractions, not chemically modified",0,,,,,,26402.0,,70666,,,0
HS,2014,201404,April 2014,4,0,2,Exports,826,United Kingdom,,392,Japan,,,,,,,,,1511,"Palm oil and its fractions, not chemically modified",0,,,,,,293.0,,14090,,,0
HS,2014,201404,April 2014,4,0,2,Exports,826,United Kingdom,,440,Lithuania,,,,,,,,,1511,"Palm oil and its fractions, not chemically modified",0,,,,,,16.0,,55,,,0
HS,2014,201404,April 2014,4,0,1,Imports,826,United Kingdom,,458,Malaysia,,,,,,,,,1511,"Palm oil and its fractions, not chemically modified",0,,,,,,2015618.0,,1851805,,,0
HS,2014,201404,April 2014,4,0,2,Exports,826,United Kingdom,,484,Mexico,,,,,,,,,1511,"Palm oil and its fractions, not chemically modified",0,,,,,,112.0,,5003,,,0
HS,2014,201404,April 2014,4,0,1,Imports,826,United Kingdom,,528,Netherlands,,,,,,,,,1511,"Palm oil and its fractions, not chemically modified",0,,,,,,3772014.0,,4780239,,,0
HS,2014,201404,April 2014,4,0,2,Exports,826,United Kingdom,,528,Netherlands,,,,,,,,,1511,"Palm oil and its fractions, not chemically modified",0,,,,,,2405.0,,7604,,,0
HS,2014,201404,April 2014,4,0,1,Imports,826,United Kingdom,,598,Papua New Guinea,,,,,,,,,1511,"Palm oil and its fractions, not chemically modified",0,,,,,,17152833.0,,15785881,,,0
HS,2014,201404,April 2014,4,0,1,Imports,826,United Kingdom,,616,Poland,,,,,,,,,1511,"Palm oil and its fractions, not chemically modified",0,,,,,,1452.0,,2000,,,0
HS,2014,201404,April 2014,4,0,2,Exports,826,United Kingdom,,616,Poland,,,,,,,,,1511,"Palm oil and its fractions, not chemically modified",0,,,,,,14717.0,,31265,,,0
HS,2014,201404,April 2014,4,0,2,Exports,826,United Kingdom,,620,Portugal,,,,,,,,,1511,"Palm oil and its fractions, not chemically modified",0,,,,,,123.0,,1687,,,0
HS,2014,201404,April 2014,4,0,1,Imports,826,United Kingdom,,694,Sierra Leone,,,,,,,,,1511,"Palm oil and its fractions, not chemically modified",0,,,,,,39026.0,,38140,,,0
HS,2014,201404,April 2014,4,0,2,Exports,826,United Kingdom,,699,India,,,,,,,,,1511,"Palm oil and its fractions, not chemically modified",0,,,,,,160.0,,6197,,,0
HS,2014,201404,April 2014,4,0,2,Exports,826,United Kingdom,,703,Slovakia,,,,,,,,,1511,"Palm oil and its fractions, not chemically modified",0,,,,,,83.0,,763,,,0
HS,2014,201404,April 2014,4,0,1,Imports,826,United Kingdom,,724,Spain,,,,,,,,,1511,"Palm oil and its fractions, not chemically modified",0,,,,,,111112.0,,335159,,,0
HS,2014,201404,April 2014,4,0,2,Exports,826,United Kingdom,,724,Spain,,,,,,,,,1511,"Palm oil and its fractions, not chemically modified",0,,,,,,21185.0,,74177,,,0
HS,2014,201404,April 2014,4,0,2,Exports,826,United Kingdom,,752,Sweden,,,,,,,,,1511,"Palm oil and its fractions, not chemically modified",0,,,,,,2156.0,,9399,,,0
HS,2014,201405,May 2014,4,0,1,Imports,826,United Kingdom,,0,World,,,,,,,,,1511,"Palm oil and its fractions, not chemically modified",0,,,,,,28498343.0,,28891074,,,0
HS,2014,201405,May 2014,4,0,2,Exports,826,United Kingdom,,0,World,,,,,,,,,1511,"Palm oil and its fractions, not chemically modified",0,,,,,,1740096.0,,3056769,,,0
HS,2014,201405,May 2014,4,0,2,Exports,826,United Kingdom,,40,Austria,,,,,,,,,1511,"Palm oil and its fractions, not chemically modified",0,,,,,,1814.0,,5834,,,0
HS,2014,201405,May 2014,4,0,2,Exports,826,United Kingdom,,56,Belgium,,,,,,,,,1511,"Palm oil and its fractions, not chemically modified",0,,,,,,1362.0,,4516,,,0
HS,2014,201405,May 2014,4,0,2,Exports,826,United Kingdom,,76,Brazil,,,,,,,,,1511,"Palm oil and its fractions, not chemically modified",0,,,,,,644.0,,42620,,,0
HS,2014,201405,May 2014,4,0,2,Exports,826,United Kingdom,,100,Bulgaria,,,,,,,,,1511,"Palm oil and its fractions, not chemically modified",0,,,,,,7.0,,15,,,0
HS,2014,201405,May 2014,4,0,2,Exports,826,United Kingdom,,124,Canada,,,,,,,,,1511,"Palm oil and its fractions, not chemically modified",0,,,,,,1750.0,,21326,,,0
HS,2014,201405,May 2014,4,0,2,Exports,826,United Kingdom,,196,Cyprus,,,,,,,,,1511,"Palm oil and its fractions, not chemically modified",0,,,,,,2514.0,,2620,,,0
HS,2014,201405,May 2014,4,0,2,Exports,826,United Kingdom,,208,Denmark,,,,,,,,,1511,"Palm oil and its fractions, not chemically modified",0,,,,,,289.0,,2442,,,0
HS,2014,201405,May 2014,4,0,1,Imports,826,United Kingdom,,218,Ecuador,,,,,,,,,1511,"Palm oil and its fractions, not chemically modified",0,,,,,,24447.0,,43046,,,0
HS,2014,201405,May 2014,4,0,2,Exports,826,United Kingdom,,246,Finland,,,,,,,,,1511,"Palm oil and its fractions, not chemically modified",0,,,,,,59870.0,,87602,,,0
HS,2014,201405,May 2014,4,0,1,Imports,826,United Kingdom,,251,France,,,,,,,,,1511,"Palm oil and its fractions, not chemically modified",0,,,,,,2766.0,,9531,,,0
HS,2014,201405,May 2014,4,0,2,Exports,826,United Kingdom,,251,France,,,,,,,,,1511,"Palm oil and its fractions, not chemically modified",0,,,,,,29378.0,,74123,,,0
HS,2014,201405,May 2014,4,0,1,Imports,826,United Kingdom,,276,Germany,,,,,,,,,1511,"Palm oil and its fractions, not chemically modified",0,,,,,,694434.0,,1019367,,,0
HS,2014,201405,May 2014,4,0,2,Exports,826,United Kingdom,,276,Germany,,,,,,,,,1511,"Palm oil and its fractions, not chemically modified",0,,,,,,260584.0,,337596,,,0
HS,2014,201405,May 2014,4,0,1,Imports,826,United Kingdom,,288,Ghana,,,,,,,,,1511,"Palm oil and its fractions, not chemically modified",0,,,,,,49939.0,,62092,,,0
HS,2014,201405,May 2014,4,0,2,Exports,826,United Kingdom,,348,Hungary,,,,,,,,,1511,"Palm oil and its fractions, not chemically modified",0,,,,,,25.0,,42,,,0
HS,2014,201405,May 2014,4,0,1,Imports,826,United Kingdom,,360,Indonesia,,,,,,,,,1511,"Palm oil and its fractions, not chemically modified",0,,,,,,1489214.0,,1294040,,,0
HS,2014,201405,May 2014,4,0,2,Exports,826,United Kingdom,,372,Ireland,,,,,,,,,1511,"Palm oil and its fractions, not chemically modified",0,,,,,,1168721.0,,1962064,,,0
HS,2014,201405,May 2014,4,0,2,Exports,826,United Kingdom,,381,Italy,,,,,,,,,1511,"Palm oil and its fractions, not chemically modified",0,,,,,,19488.0,,47859,,,0
HS,2014,201405,May 2014,4,0,2,Exports,826,United Kingdom,,392,Japan,,,,,,,,,1511,"Palm oil and its fractions, not chemically modified",0,,,,,,54.0,,2484,,,0
HS,2014,201405,May 2014,4,0,2,Exports,826,United Kingdom,,414,Kuwait,,,,,,,,,1511,"Palm oil and its fractions, not chemically modified",0,,,,,,5000.0,,19530,,,0
HS,2014,201405,May 2014,4,0,2,Exports,826,United Kingdom,,428,Latvia,,,,,,,,,1511,"Palm oil and its fractions, not chemically modified",0,,,,,,700.0,,1399,,,0
HS,2014,201405,May 2014,4,0,1,Imports,826,United Kingdom,,458,Malaysia,,,,,,,,,1511,"Palm oil and its fractions, not chemically modified",0,,,,,,1951342.0,,1767341,,,0
HS,2014,201405,May 2014,4,0,1,Imports,826,United Kingdom,,528,Netherlands,,,,,,,,,1511,"Palm oil and its fractions, not chemically modified",0,,,,,,5190447.0,,6387392,,,0
HS,2014,201405,May 2014,4,0,2,Exports,826,United Kingdom,,528,Netherlands,,,,,,,,,1511,"Palm oil and its fractions, not chemically modified",0,,,,,,10741.0,,24440,,,0
HS,2014,201405,May 2014,4,0,1,Imports,826,United Kingdom,,598,Papua New Guinea,,,,,,,,,1511,"Palm oil and its fractions, not chemically modified",0,,,,,,18617744.0,,17810612,,,0
HS,2014,201405,May 2014,4,0,1,Imports,826,United Kingdom,,616,Poland,,,,,,,,,1511,"Palm oil and its fractions, not chemically modified",0,,,,,,1452.0,,2000,,,0
HS,2014,201405,May 2014,4,0,2,Exports,826,United Kingdom,,616,Poland,,,,,,,,,1511,"Palm oil and its fractions, not chemically modified",0,,,,,,12083.0,,23361,,,0
HS,2014,201405,May 2014,4,0,2,Exports,826,United Kingdom,,620,Portugal,,,,,,,,,1511,"Palm oil and its fractions, not chemically modified",0,,,,,,2909.0,,5977,,,0
HS,2014,201405,May 2014,4,0,2,Exports,826,United Kingdom,,642,Romania,,,,,,,,,1511,"Palm oil and its fractions, not chemically modified",0,,,,,,67.0,,376,,,0
HS,2014,201405,May 2014,4,0,1,Imports,826,United Kingdom,,694,Sierra Leone,,,,,,,,,1511,"Palm oil and its fractions, not chemically modified",0,,,,,,21005.0,,5963,,,0
HS,2014,201405,May 2014,4,0,2,Exports,826,United Kingdom,,703,Slovakia,,,,,,,,,1511,"Palm oil and its fractions, not chemically modified",0,,,,,,72.0,,647,,,0
HS,2014,201405,May 2014,4,0,2,Exports,826,United Kingdom,,710,South Africa,,,,,,,,,1511,"Palm oil and its fractions, not chemically modified",0,,,,,,12.0,,1367,,,0
HS,2014,201405,May 2014,4,0,1,Imports,826,United Kingdom,,724,Spain,,,,,,,,,1511,"Palm oil and its fractions, not chemically modified",0,,,,,,455553.0,,489691,,,0
HS,2014,201405,May 2014,4,0,2,Exports,826,United Kingdom,,724,Spain,,,,,,,,,1511,"Palm oil and its fractions, not chemically modified",0,,,,,,35490.0,,100329,,,0
HS,2014,201405,May 2014,4,0,2,Exports,826,United Kingdom,,752,Sweden,,,,,,,,,1511,"Palm oil and its fractions, not chemically modified",0,,,,,,122446.0,,189282,,,0
HS,2014,201405,May 2014,4,0,2,Exports,826,United Kingdom,,818,Egypt,,,,,,,,,1511,"Palm oil and its fractions, not chemically modified",0,,,,,,2500.0,,11320,,,0
HS,2014,201405,May 2014,4,0,2,Exports,826,United Kingdom,,842,United States of America,,,,,,,,,1511,"Palm oil and its fractions, not chemically modified",0,,,,,,1576.0,,87600,,,0
HS,2014,201406,June 2014,4,0,1,Imports,826,United Kingdom,,0,World,,,,,,,,,1511,"Palm oil and its fractions, not chemically modified",0,,,,,,26319845.0,,25941229,,,0
HS,2014,201406,June 2014,4,0,2,Exports,826,United Kingdom,,0,World,,,,,,,,,1511,"Palm oil and its fractions, not chemically modified",0,,,,,,2029918.0,,3429534,,,0
HS,2014,201406,June 2014,4,0,4,Re-imports,826,United Kingdom,,0,World,,,,,,,,,1511,"Palm oil and its fractions, not chemically modified",0,,,,,,37.0,,2042,,,0
HS,2014,201406,June 2014,4,0,2,Exports,826,United Kingdom,,32,Argentina,,,,,,,,,1511,"Palm oil and its fractions, not chemically modified",0,,,,,,1000.0,,3786,,,0
HS,2014,201406,June 2014,4,0,2,Exports,826,United Kingdom,,36,Australia,,,,,,,,,1511,"Palm oil and its fractions, not chemically modified",0,,,,,,7000.0,,12543,,,0
HS,2014,201406,June 2014,4,0,2,Exports,826,United Kingdom,,40,Austria,,,,,,,,,1511,"Palm oil and its fractions, not chemically modified",0,,,,,,72.0,,350,,,0
HS,2014,201406,June 2014,4,0,1,Imports,826,United Kingdom,,56,Belgium,,,,,,,,,1511,"Palm oil and its fractions, not chemically modified",0,,,,,,13.0,,100,,,0
HS,2014,201406,June 2014,4,0,2,Exports,826,United Kingdom,,56,Belgium,,,,,,,,,1511,"Palm oil and its fractions, not chemically modified",0,,,,,,6943.0,,22066,,,0
HS,2014,201406,June 2014,4,0,1,Imports,826,United Kingdom,,90,Solomon Isds,,,,,,,,,1511,"Palm oil and its fractions, not chemically modified",0,,,,,,2496349.0,,2473213,,,0
HS,2014,201406,June 2014,4,0,1,Imports,826,United Kingdom,,170,Colombia,,,,,,,,,1511,"Palm oil and its fractions, not chemically modified",0,,,,,,15120.0,,31345,,,0
HS,2014,201406,June 2014,4,0,2,Exports,826,United Kingdom,,196,Cyprus,,,,,,,,,1511,"Palm oil and its fractions, not chemically modified",0,,,,,,500.0,,805,,,0
HS,2014,201406,June 2014,4,0,2,Exports,826,United Kingdom,,203,Czech Rep.,,,,,,,,,1511,"Palm oil and its fractions, not chemically modified",0,,,,,,6.0,,32,,,0
HS,2014,201406,June 2014,4,0,2,Exports,826,United Kingdom,,208,Denmark,,,,,,,,,1511,"Palm oil and its fractions, not chemically modified",0,,,,,,204.0,,1596,,,0
HS,2014,201406,June 2014,4,0,2,Exports,826,United Kingdom,,246,Finland,,,,,,,,,1511,"Palm oil and its fractions, not chemically modified",0,,,,,,25357.0,,34792,,,0
HS,2014,201406,June 2014,4,0,1,Imports,826,United Kingdom,,251,France,,,,,,,,,1511,"Palm oil and its fractions, not chemically modified",0,,,,,,2719.0,,6393,,,0
HS,2014,201406,June 2014,4,0,2,Exports,826,United Kingdom,,251,France,,,,,,,,,1511,"Palm oil and its fractions, not chemically modified",0,,,,,,34129.0,,100489,,,0
HS,2014,201406,June 2014,4,0,1,Imports,826,United Kingdom,,276,Germany,,,,,,,,,1511,"Palm oil and its fractions, not chemically modified",0,,,,,,278341.0,,377970,,,0
HS,2014,201406,June 2014,4,0,2,Exports,826,United Kingdom,,276,Germany,,,,,,,,,1511,"Palm oil and its fractions, not chemically modified",0,,,,,,323884.0,,459678,,,0
HS,2014,201406,June 2014,4,0,1,Imports,826,United Kingdom,,288,Ghana,,,,,,,,,1511,"Palm oil and its fractions, not chemically modified",0,,,,,,61092.0,,150891,,,0
HS,2014,201406,June 2014,4,0,2,Exports,826,United Kingdom,,348,Hungary,,,,,,,,,1511,"Palm oil and its fractions, not chemically modified",0,,,,,,44.0,,306,,,0
HS,2014,201406,June 2014,4,0,1,Imports,826,United Kingdom,,360,Indonesia,,,,,,,,,1511,"Palm oil and its fractions, not chemically modified",0,,,,,,5488877.0,,4974138,,,0
HS,2014,201406,June 2014,4,0,2,Exports,826,United Kingdom,,372,Ireland,,,,,,,,,1511,"Palm oil and its fractions, not chemically modified",0,,,,,,1520644.0,,2465074,,,0
HS,2014,201406,June 2014,4,0,2,Exports,826,United Kingdom,,381,Italy,,,,,,,,,1511,"Palm oil and its fractions, not chemically modified",0,,,,,,29310.0,,73907,,,0
HS,2014,201406,June 2014,4,0,2,Exports,826,United Kingdom,,400,Jordan,,,,,,,,,1511,"Palm oil and its fractions, not chemically modified",0,,,,,,10000.0,,17124,,,0
HS,2014,201406,June 2014,4,0,2,Exports,826,United Kingdom,,428,Latvia,,,,,,,,,1511,"Palm oil and its fractions, not chemically modified",0,,,,,,1400.0,,2645,,,0
HS,2014,201406,June 2014,4,0,2,Exports,826,United Kingdom,,440,Lithuania,,,,,,,,,1511,"Palm oil and its fractions, not chemically modified",0,,,,,,3.0,,12,,,0
HS,2014,201406,June 2014,4,0,1,Imports,826,United Kingdom,,458,Malaysia,,,,,,,,,1511,"Palm oil and its fractions, not chemically modified",0,,,,,,2788759.0,,2818872,,,0
HS,2014,201406,June 2014,4,0,1,Imports,826,United Kingdom,,528,Netherlands,,,,,,,,,1511,"Palm oil and its fractions, not chemically modified",0,,,,,,4663378.0,,5814767,,,0
HS,2014,201406,June 2014,4,0,2,Exports,826,United Kingdom,,528,Netherlands,,,,,,,,,1511,"Palm oil and its fractions, not chemically modified",0,,,,,,8292.0,,23769,,,0
HS,2014,201406,June 2014,4,0,1,Imports,826,United Kingdom,,598,Papua New Guinea,,,,,,,,,1511,"Palm oil and its fractions, not chemically modified",0,,,,,,10038207.0,,8739940,,,0
HS,2014,201406,June 2014,4,0,1,Imports,826,United Kingdom,,616,Poland,,,,,,,,,1511,"Palm oil and its fractions, not chemically modified",0,,,,,,2904.0,,4038,,,0
HS,2014,201406,June 2014,4,0,2,Exports,826,United Kingdom,,616,Poland,,,,,,,,,1511,"Palm oil and its fractions, not chemically modified",0,,,,,,17551.0,,37833,,,0
HS,2014,201406,June 2014,4,0,1,Imports,826,United Kingdom,,620,Portugal,,,,,,,,,1511,"Palm oil and its fractions, not chemically modified",0,,,,,,272.0,,492,,,0
HS,2014,201406,June 2014,4,0,2,Exports,826,United Kingdom,,620,Portugal,,,,,,,,,1511,"Palm oil and its fractions, not chemically modified",0,,,,,,2855.0,,5714,,,0
HS,2014,201406,June 2014,4,0,1,Imports,826,United Kingdom,,694,Sierra Leone,,,,,,,,,1511,"Palm oil and its fractions, not chemically modified",0,,,,,,19892.0,,6009,,,0
HS,2014,201406,June 2014,4,0,2,Exports,826,United Kingdom,,699,India,,,,,,,,,1511,"Palm oil and its fractions, not chemically modified",0,,,,,,60.0,,3311,,,0
HS,2014,201406,June 2014,4,0,1,Imports,826,United Kingdom,,724,Spain,,,,,,,,,1511,"Palm oil and its fractions, not chemically modified",0,,,,,,463885.0,,541018,,,0
HS,2014,201406,June 2014,4,0,2,Exports,826,United Kingdom,,724,Spain,,,,,,,,,1511,"Palm oil and its fractions, not chemically modified",0,,,,,,18229.0,,80294,,,0
HS,2014,201406,June 2014,4,0,2,Exports,826,United Kingdom,,764,Thailand,,,,,,,,,1511,"Palm oil and its fractions, not chemically modified",0,,,,,,35.0,,1866,,,0
HS,2014,201406,June 2014,4,0,2,Exports,826,United Kingdom,,784,United Arab Emirates,,,,,,,,,1511,"Palm oil and its fractions, not chemically modified",0,,,,,,650.0,,5597,,,0
HS,2014,201406,June 2014,4,0,1,Imports,826,United Kingdom,,826,United Kingdom,,,,,,,,,1511,"Palm oil and its fractions, not chemically modified",0,,,,,,37.0,,2042,,,0
HS,2014,201406,June 2014,4,0,4,Re-imports,826,United Kingdom,,826,United Kingdom,,,,,,,,,1511,"Palm oil and its fractions, not chemically modified",0,,,,,,37.0,,2042,,,0
HS,2014,201406,June 2014,4,0,2,Exports,826,United Kingdom,,842,United States of America,,,,,,,,,1511,"Palm oil and its fractions, not chemically modified",0,,,,,,21750.0,,75948,,,0
HS,2014,201407,July 2014,4,0,1,Imports,826,United Kingdom,,0,World,,,,,,,,,1511,"Palm oil and its fractions, not chemically modified",0,,,,,,52083853.0,,60149143,,,0
HS,2014,201407,July 2014,4,0,2,Exports,826,United Kingdom,,0,World,,,,,,,,,1511,"Palm oil and its fractions, not chemically modified",0,,,,,,1012110.0,,1812816,,,0
HS,2014,201407,July 2014,4,0,2,Exports,826,United Kingdom,,40,Austria,,,,,,,,,1511,"Palm oil and its fractions, not chemically modified",0,,,,,,3682.0,,7780,,,0
HS,2014,201407,July 2014,4,0,1,Imports,826,United Kingdom,,56,Belgium,,,,,,,,,1511,"Palm oil and its fractions, not chemically modified",0,,,,,,20.0,,24,,,0
HS,2014,201407,July 2014,4,0,2,Exports,826,United Kingdom,,56,Belgium,,,,,,,,,1511,"Palm oil and its fractions, not chemically modified",0,,,,,,26.0,,280,,,0
HS,2014,201407,July 2014,4,0,1,Imports,826,United Kingdom,,90,Solomon Isds,,,,,,,,,1511,"Palm oil and its fractions, not chemically modified",0,,,,,,3768779.0,,3489503,,,0
HS,2014,201407,July 2014,4,0,2,Exports,826,United Kingdom,,100,Bulgaria,,,,,,,,,1511,"Palm oil and its fractions, not chemically modified",0,,,,,,7.0,,15,,,0
HS,2014,201407,July 2014,4,0,1,Imports,826,United Kingdom,,120,Cameroon,,,,,,,,,1511,"Palm oil and its fractions, not chemically modified",0,,,,,,1901.0,,1098,,,0
HS,2014,201407,July 2014,4,0,2,Exports,826,United Kingdom,,208,Denmark,,,,,,,,,1511,"Palm oil and its fractions, not chemically modified",0,,,,,,386.0,,3640,,,0
HS,2014,201407,July 2014,4,0,1,Imports,826,United Kingdom,,218,Ecuador,,,,,,,,,1511,"Palm oil and its fractions, not chemically modified",0,,,,,,23874.0,,44652,,,0
HS,2014,201407,July 2014,4,0,2,Exports,826,United Kingdom,,246,Finland,,,,,,,,,1511,"Palm oil and its fractions, not chemically modified",0,,,,,,23331.0,,31235,,,0
HS,2014,201407,July 2014,4,0,1,Imports,826,United Kingdom,,251,France,,,,,,,,,1511,"Palm oil and its fractions, not chemically modified",0,,,,,,6116.0,,22412,,,0
HS,2014,201407,July 2014,4,0,2,Exports,826,United Kingdom,,251,France,,,,,,,,,1511,"Palm oil and its fractions, not chemically modified",0,,,,,,50681.0,,125440,,,0
HS,2014,201407,July 2014,4,0,1,Imports,826,United Kingdom,,276,Germany,,,,,,,,,1511,"Palm oil and its fractions, not chemically modified",0,,,,,,450781.0,,546202,,,0
HS,2014,201407,July 2014,4,0,2,Exports,826,United Kingdom,,276,Germany,,,,,,,,,1511,"Palm oil and its fractions, not chemically modified",0,,,,,,179964.0,,240954,,,0
HS,2014,201407,July 2014,4,0,1,Imports,826,United Kingdom,,288,Ghana,,,,,,,,,1511,"Palm oil and its fractions, not chemically modified",0,,,,,,21317.0,,55621,,,0
HS,2014,201407,July 2014,4,0,1,Imports,826,United Kingdom,,360,Indonesia,,,,,,,,,1511,"Palm oil and its fractions, not chemically modified",0,,,,,,18915046.0,,18787869,,,0
HS,2014,201407,July 2014,4,0,2,Exports,826,United Kingdom,,372,Ireland,,,,,,,,,1511,"Palm oil and its fractions, not chemically modified",0,,,,,,619495.0,,1021853,,,0
HS,2014,201407,July 2014,4,0,2,Exports,826,United Kingdom,,376,Israel,,,,,,,,,1511,"Palm oil and its fractions, not chemically modified",0,,,,,,1695.0,,1197,,,0
HS,2014,201407,July 2014,4,0,2,Exports,826,United Kingdom,,381,Italy,,,,,,,,,1511,"Palm oil and its fractions, not chemically modified",0,,,,,,38750.0,,94395,,,0
HS,2014,201407,July 2014,4,0,2,Exports,826,United Kingdom,,440,Lithuania,,,,,,,,,1511,"Palm oil and its fractions, not chemically modified",0,,,,,,13.0,,34,,,0
HS,2014,201407,July 2014,4,0,1,Imports,826,United Kingdom,,458,Malaysia,,,,,,,,,1511,"Palm oil and its fractions, not chemically modified",0,,,,,,2737089.0,,3060576,,,0
HS,2014,201407,July 2014,4,0,1,Imports,826,United Kingdom,,528,Netherlands,,,,,,,,,1511,"Palm oil and its fractions, not chemically modified",0,,,,,,5967053.0,,7431896,,,0
HS,2014,201407,July 2014,4,0,2,Exports,826,United Kingdom,,528,Netherlands,,,,,,,,,1511,"Palm oil and its fractions, not chemically modified",0,,,,,,3308.0,,6371,,,0
HS,2014,201407,July 2014,4,0,1,Imports,826,United Kingdom,,598,Papua New Guinea,,,,,,,,,1511,"Palm oil and its fractions, not chemically modified",0,,,,,,19784764.0,,26228226,,,0
HS,2014,201407,July 2014,4,0,1,Imports,826,United Kingdom,,616,Poland,,,,,,,,,1511,"Palm oil and its fractions, not chemically modified",0,,,,,,726.0,,980,,,0
HS,2014,201407,July 2014,4,0,2,Exports,826,United Kingdom,,616,Poland,,,,,,,,,1511,"Palm oil and its fractions, not chemically modified",0,,,,,,63402.0,,112115,,,0
HS,2014,201407,July 2014,4,0,2,Exports,826,United Kingdom,,620,Portugal,,,,,,,,,1511,"Palm oil and its fractions, not chemically modified",0,,,,,,2933.0,,5612,,,0
HS,2014,201407,July 2014,4,0,2,Exports,826,United Kingdom,,642,Romania,,,,,,,,,1511,"Palm oil and its fractions, not chemically modified",0,,,,,,36.0,,220,,,0
HS,2014,201407,July 2014,4,0,1,Imports,826,United Kingdom,,694,Sierra Leone,,,,,,,,,1511,"Palm oil and its fractions, not chemically modified",0,,,,,,17500.0,,29661,,,0
HS,2014,201407,July 2014,4,0,2,Exports,826,United Kingdom,,703,Slovakia,,,,,,,,,1511,"Palm oil and its fractions, not chemically modified",0,,,,,,72.0,,642,,,0
HS,2014,201407,July 2014,4,0,1,Imports,826,United Kingdom,,724,Spain,,,,,,,,,1511,"Palm oil and its fractions, not chemically modified",0,,,,,,388887.0,,450424,,,0
HS,2014,201407,July 2014,4,0,2,Exports,826,United Kingdom,,724,Spain,,,,,,,,,1511,"Palm oil and its fractions, not chemically modified",0,,,,,,19127.0,,67235,,,0
HS,2014,201407,July 2014,4,0,2,Exports,826,United Kingdom,,752,Sweden,,,,,,,,,1511,"Palm oil and its fractions, not chemically modified",0,,,,,,192.0,,717,,,0
HS,2014,201407,July 2014,4,0,2,Exports,826,United Kingdom,,757,Switzerland,,,,,,,,,1511,"Palm oil and its fractions, not chemically modified",0,,,,,,2200.0,,21369,,,0
HS,2014,201407,July 2014,4,0,2,Exports,826,United Kingdom,,764,Thailand,,,,,,,,,1511,"Palm oil and its fractions, not chemically modified",0,,,,,,250.0,,12657,,,0
HS,2014,201407,July 2014,4,0,2,Exports,826,United Kingdom,,842,United States of America,,,,,,,,,1511,"Palm oil and its fractions, not chemically modified",0,,,,,,2560.0,,59055,,,0
HS,2014,201408,August 2014,4,0,1,Imports,826,United Kingdom,,0,World,,,,,,,,,1511,"Palm oil and its fractions, not chemically modified",0,,,,,,14478112.0,,14706640,,,0
HS,2014,201408,August 2014,4,0,2,Exports,826,United Kingdom,,0,World,,,,,,,,,1511,"Palm oil and its fractions, not chemically modified",0,,,,,,1215881.0,,2008623,,,0
HS,2014,201408,August 2014,4,0,2,Exports,826,United Kingdom,,36,Australia,,,,,,,,,1511,"Palm oil and its fractions, not chemically modified",0,,,,,,6000.0,,10623,,,0
HS,2014,201408,August 2014,4,0,2,Exports,826,United Kingdom,,40,Austria,,,,,,,,,1511,"Palm oil and its fractions, not chemically modified",0,,,,,,13321.0,,28414,,,0
HS,2014,201408,August 2014,4,0,1,Imports,826,United Kingdom,,56,Belgium,,,,,,,,,1511,"Palm oil and its fractions, not chemically modified",0,,,,,,380.0,,1226,,,0
HS,2014,201408,August 2014,4,0,2,Exports,826,United Kingdom,,56,Belgium,,,,,,,,,1511,"Palm oil and its fractions, not chemically modified",0,,,,,,12007.0,,37988,,,0
HS,2014,201408,August 2014,4,0,2,Exports,826,United Kingdom,,76,Brazil,,,,,,,,,1511,"Palm oil and its fractions, not chemically modified",0,,,,,,154.0,,7581,,,0
HS,2014,201408,August 2014,4,0,1,Imports,826,United Kingdom,,120,Cameroon,,,,,,,,,1511,"Palm oil and its fractions, not chemically modified",0,,,,,,10000.0,,6983,,,0
HS,2014,201408,August 2014,4,0,1,Imports,826,United Kingdom,,170,Colombia,,,,,,,,,1511,"Palm oil and its fractions, not chemically modified",0,,,,,,20700.0,,42966,,,0
HS,2014,201408,August 2014,4,0,2,Exports,826,United Kingdom,,196,Cyprus,,,,,,,,,1511,"Palm oil and its fractions, not chemically modified",0,,,,,,1626.0,,1545,,,0
HS,2014,201408,August 2014,4,0,2,Exports,826,United Kingdom,,233,Estonia,,,,,,,,,1511,"Palm oil and its fractions, not chemically modified",0,,,,,,21.0,,45,,,0
HS,2014,201408,August 2014,4,0,2,Exports,826,United Kingdom,,246,Finland,,,,,,,,,1511,"Palm oil and its fractions, not chemically modified",0,,,,,,29489.0,,46608,,,0
HS,2014,201408,August 2014,4,0,2,Exports,826,United Kingdom,,251,France,,,,,,,,,1511,"Palm oil and its fractions, not chemically modified",0,,,,,,40791.0,,84518,,,0
HS,2014,201408,August 2014,4,0,1,Imports,826,United Kingdom,,276,Germany,,,,,,,,,1511,"Palm oil and its fractions, not chemically modified",0,,,,,,533002.0,,623616,,,0
HS,2014,201408,August 2014,4,0,2,Exports,826,United Kingdom,,276,Germany,,,,,,,,,1511,"Palm oil and its fractions, not chemically modified",0,,,,,,198035.0,,275499,,,0
HS,2014,201408,August 2014,4,0,1,Imports,826,United Kingdom,,288,Ghana,,,,,,,,,1511,"Palm oil and its fractions, not chemically modified",0,,,,,,48934.0,,109934,,,0
HS,2014,201408,August 2014,4,0,1,Imports,826,United Kingdom,,360,Indonesia,,,,,,,,,1511,"Palm oil and its fractions, not chemically modified",0,,,,,,4599931.0,,4107178,,,0
HS,2014,201408,August 2014,4,0,2,Exports,826,United Kingdom,,372,Ireland,,,,,,,,,1511,"Palm oil and its fractions, not chemically modified",0,,,,,,791078.0,,1195999,,,0
HS,2014,201408,August 2014,4,0,2,Exports,826,United Kingdom,,381,Italy,,,,,,,,,1511,"Palm oil and its fractions, not chemically modified",0,,,,,,24364.0,,60792,,,0
HS,2014,201408,August 2014,4,0,2,Exports,826,United Kingdom,,392,Japan,,,,,,,,,1511,"Palm oil and its fractions, not chemically modified",0,,,,,,49.0,,4745,,,0
HS,2014,201408,August 2014,4,0,1,Imports,826,United Kingdom,,458,Malaysia,,,,,,,,,1511,"Palm oil and its fractions, not chemically modified",0,,,,,,5510971.0,,5162237,,,0
HS,2014,201408,August 2014,4,0,2,Exports,826,United Kingdom,,504,Morocco,,,,,,,,,1511,"Palm oil and its fractions, not chemically modified",0,,,,,,4042.0,,10023,,,0
HS,2014,201408,August 2014,4,0,1,Imports,826,United Kingdom,,528,Netherlands,,,,,,,,,1511,"Palm oil and its fractions, not chemically modified",0,,,,,,3443548.0,,4331788,,,0
HS,2014,201408,August 2014,4,0,2,Exports,826,United Kingdom,,528,Netherlands,,,,,,,,,1511,"Palm oil and its fractions, not chemically modified",0,,,,,,1938.0,,3472,,,0
HS,2014,201408,August 2014,4,0,1,Imports,826,United Kingdom,,566,Nigeria,,,,,,,,,1511,"Palm oil and its fractions, not chemically modified",0,,,,,,5600.0,,5054,,,0
HS,2014,201408,August 2014,4,0,1,Imports,826,United Kingdom,,616,Poland,,,,,,,,,1511,"Palm oil and its fractions, not chemically modified",0,,,,,,1452.0,,1927,,,0
HS,2014,201408,August 2014,4,0,2,Exports,826,United Kingdom,,616,Poland,,,,,,,,,1511,"Palm oil and its fractions, not chemically modified",0,,,,,,57014.0,,100287,,,0
HS,2014,201408,August 2014,4,0,1,Imports,826,United Kingdom,,620,Portugal,,,,,,,,,1511,"Palm oil and its fractions, not chemically modified",0,,,,,,220.0,,474,,,0
HS,2014,201408,August 2014,4,0,2,Exports,826,United Kingdom,,620,Portugal,,,,,,,,,1511,"Palm oil and its fractions, not chemically modified",0,,,,,,3111.0,,10162,,,0
HS,2014,201408,August 2014,4,0,1,Imports,826,United Kingdom,,694,Sierra Leone,,,,,,,,,1511,"Palm oil and its fractions, not chemically modified",0,,,,,,22040.0,,4321,,,0
HS,2014,201408,August 2014,4,0,2,Exports,826,United Kingdom,,703,Slovakia,,,,,,,,,1511,"Palm oil and its fractions, not chemically modified",0,,,,,,72.0,,621,,,0
HS,2014,201408,August 2014,4,0,1,Imports,826,United Kingdom,,724,Spain,,,,,,,,,1511,"Palm oil and its fractions, not chemically modified",0,,,,,,281334.0,,308934,,,0
HS,2014,201408,August 2014,4,0,2,Exports,826,United Kingdom,,724,Spain,,,,,,,,,1511,"Palm oil and its fractions, not chemically modified",0,,,,,,17175.0,,55541,,,0
HS,2014,201408,August 2014,4,0,2,Exports,826,United Kingdom,,752,Sweden,,,,,,,,,1511,"Palm oil and its fractions, not chemically modified",0,,,,,,62.0,,249,,,0
HS,2014,201408,August 2014,4,0,2,Exports,826,United Kingdom,,757,Switzerland,,,,,,,,,1511,"Palm oil and its fractions, not chemically modified",0,,,,,,135.0,,4281,,,0
HS,2014,201408,August 2014,4,0,2,Exports,826,United Kingdom,,764,Thailand,,,,,,,,,1511,"Palm oil and its fractions, not chemically modified",0,,,,,,222.0,,3778,,,0
HS,2014,201408,August 2014,4,0,2,Exports,826,United Kingdom,,792,Turkey,,,,,,,,,1511,"Palm oil and its fractions, not chemically modified",0,,,,,,3775.0,,45139,,,0
HS,2014,201408,August 2014,4,0,2,Exports,826,United Kingdom,,842,United States of America,,,,,,,,,1511,"Palm oil and its fractions, not chemically modified",0,,,,,,11400.0,,20711,,,0
HS,2014,201409,September 2014,4,0,1,Imports,826,United Kingdom,,0,World,,,,,,,,,1511,"Palm oil and its fractions, not chemically modified",0,,,,,,37454237.0,,35478934,,,0
HS,2014,201409,September 2014,4,0,2,Exports,826,United Kingdom,,0,World,,,,,,,,,1511,"Palm oil and its fractions, not chemically modified",0,,,,,,1888922.0,,3113077,,,0
HS,2014,201409,September 2014,4,0,2,Exports,826,United Kingdom,,40,Austria,,,,,,,,,1511,"Palm oil and its fractions, not chemically modified",0,,,,,,817.0,,2490,,,0
HS,2014,201409,September 2014,4,0,1,Imports,826,United Kingdom,,56,Belgium,,,,,,,,,1511,"Palm oil and its fractions, not chemically modified",0,,,,,,320.0,,991,,,0
HS,2014,201409,September 2014,4,0,2,Exports,826,United Kingdom,,56,Belgium,,,,,,,,,1511,"Palm oil and its fractions, not chemically modified",0,,,,,,332.0,,614,,,0
HS,2014,201409,September 2014,4,0,1,Imports,826,United Kingdom,,90,Solomon Isds,,,,,,,,,1511,"Palm oil and its fractions, not chemically modified",0,,,,,,4217653.0,,3664489,,,0
HS,2014,201409,September 2014,4,0,1,Imports,826,United Kingdom,,170,Colombia,,,,,,,,,1511,"Palm oil and its fractions, not chemically modified",0,,,,,,20700.0,,42771,,,0
HS,2014,201409,September 2014,4,0,1,Imports,826,United Kingdom,,218,Ecuador,,,,,,,,,1511,"Palm oil and its fractions, not chemically modified",0,,,,,,22343.0,,40669,,,0
HS,2014,201409,September 2014,4,0,2,Exports,826,United Kingdom,,246,Finland,,,,,,,,,1511,"Palm oil and its fractions, not chemically modified",0,,,,,,60584.0,,84032,,,0
HS,2014,201409,September 2014,4,0,2,Exports,826,United Kingdom,,251,France,,,,,,,,,1511,"Palm oil and its fractions, not chemically modified",0,,,,,,77043.0,,183221,,,0
HS,2014,201409,September 2014,4,0,1,Imports,826,United Kingdom,,276,Germany,,,,,,,,,1511,"Palm oil and its fractions, not chemically modified",0,,,,,,248664.0,,379187,,,0
HS,2014,201409,September 2014,4,0,2,Exports,826,United Kingdom,,276,Germany,,,,,,,,,1511,"Palm oil and its fractions, not chemically modified",0,,,,,,298322.0,,399091,,,0
HS,2014,201409,September 2014,4,0,1,Imports,826,United Kingdom,,288,Ghana,,,,,,,,,1511,"Palm oil and its fractions, not chemically modified",0,,,,,,65224.0,,129684,,,0
HS,2014,201409,September 2014,4,0,2,Exports,826,United Kingdom,,348,Hungary,,,,,,,,,1511,"Palm oil and its fractions, not chemically modified",0,,,,,,363.0,,1618,,,0
HS,2014,201409,September 2014,4,0,1,Imports,826,United Kingdom,,360,Indonesia,,,,,,,,,1511,"Palm oil and its fractions, not chemically modified",0,,,,,,11940437.0,,10767896,,,0
HS,2014,201409,September 2014,4,0,2,Exports,826,United Kingdom,,372,Ireland,,,,,,,,,1511,"Palm oil and its fractions, not chemically modified",0,,,,,,1296603.0,,2070895,,,0
HS,2014,201409,September 2014,4,0,2,Exports,826,United Kingdom,,381,Italy,,,,,,,,,1511,"Palm oil and its fractions, not chemically modified",0,,,,,,43412.0,,100459,,,0
HS,2014,201409,September 2014,4,0,2,Exports,826,United Kingdom,,392,Japan,,,,,,,,,1511,"Palm oil and its fractions, not chemically modified",0,,,,,,289.0,,13172,,,0
HS,2014,201409,September 2014,4,0,2,Exports,826,United Kingdom,,428,Latvia,,,,,,,,,1511,"Palm oil and its fractions, not chemically modified",0,,,,,,1400.0,,2518,,,0
HS,2014,201409,September 2014,4,0,1,Imports,826,United Kingdom,,458,Malaysia,,,,,,,,,1511,"Palm oil and its fractions, not chemically modified",0,,,,,,2665340.0,,2590364,,,0
HS,2014,201409,September 2014,4,0,2,Exports,826,United Kingdom,,504,Morocco,,,,,,,,,1511,"Palm oil and its fractions, not chemically modified",0,,,,,,231.0,,1382,,,0
HS,2014,201409,September 2014,4,0,1,Imports,826,United Kingdom,,528,Netherlands,,,,,,,,,1511,"Palm oil and its fractions, not chemically modified",0,,,,,,4343679.0,,4949895,,,0
HS,2014,201409,September 2014,4,0,2,Exports,826,United Kingdom,,528,Netherlands,,,,,,,,,1511,"Palm oil and its fractions, not chemically modified",0,,,,,,3403.0,,11121,,,0
HS,2014,201409,September 2014,4,0,1,Imports,826,United Kingdom,,598,Papua New Guinea,,,,,,,,,1511,"Palm oil and its fractions, not chemically modified",0,,,,,,13572039.0,,12535569,,,0
HS,2014,201409,September 2014,4,0,1,Imports,826,United Kingdom,,616,Poland,,,,,,,,,1511,"Palm oil and its fractions, not chemically modified",0,,,,,,2266.0,,2968,,,0
HS,2014,201409,September 2014,4,0,2,Exports,826,United Kingdom,,616,Poland,,,,,,,,,1511,"Palm oil and its fractions, not chemically modified",0,,,,,,66493.0,,114426,,,0
HS,2014,201409,September 2014,4,0,2,Exports,826,United Kingdom,,620,Portugal,,,,,,,,,1511,"Palm oil and its fractions, not chemically modified",0,,,,,,6058.0,,13772,,,0
HS,2014,201409,September 2014,4,0,1,Imports,826,United Kingdom,,694,Sierra Leone,,,,,,,,,1511,"Palm oil and its fractions, not chemically modified",0,,,,,,17100.0,,8839,,,0
HS,2014,201409,September 2014,4,0,2,Exports,826,United Kingdom,,703,Slovakia,,,,,,,,,1511,"Palm oil and its fractions, not chemically modified",0,,,,,,72.0,,611,,,0
HS,2014,201409,September 2014,4,0,2,Exports,826,United Kingdom,,710,South Africa,,,,,,,,,1511,"Palm oil and its fractions, not chemically modified",0,,,,,,2500.0,,14176,,,0
HS,2014,201409,September 2014,4,0,1,Imports,826,United Kingdom,,724,Spain,,,,,,,,,1511,"Palm oil and its fractions, not chemically modified",0,,,,,,337605.0,,359247,,,0
HS,2014,201409,September 2014,4,0,2,Exports,826,United Kingdom,,724,Spain,,,,,,,,,1511,"Palm oil and its fractions, not chemically modified",0,,,,,,25622.0,,75841,,,0
HS,2014,201409,September 2014,4,0,2,Exports,826,United Kingdom,,752,Sweden,,,,,,,,,1511,"Palm oil and its fractions, not chemically modified",0,,,,,,4168.0,,16177,,,0
HS,2014,201409,September 2014,4,0,2,Exports,826,United Kingdom,,757,Switzerland,,,,,,,,,1511,"Palm oil and its fractions, not chemically modified",0,,,,,,1000.0,,1483,,,0
HS,2014,201409,September 2014,4,0,2,Exports,826,United Kingdom,,764,Thailand,,,,,,,,,1511,"Palm oil and its fractions, not chemically modified",0,,,,,,210.0,,5977,,,0
HS,2014,201409,September 2014,4,0,1,Imports,826,United Kingdom,,842,United States of America,,,,,,,,,1511,"Palm oil and its fractions, not chemically modified",0,,,,,,867.0,,6365,,,0
HS,2014,201410,October 2014,4,0,1,Imports,826,United Kingdom,,0,World,,,,,,,,,1511,"Palm oil and its fractions, not chemically modified",0,,,,,,49107022.0,,43713838,,,0
HS,2014,201410,October 2014,4,0,2,Exports,826,United Kingdom,,0,World,,,,,,,,,1511,"Palm oil and its fractions, not chemically modified",0,,,,,,1680734.0,,2817757,,,0
HS,2014,201410,October 2014,4,0,2,Exports,826,United Kingdom,,36,Australia,,,,,,,,,1511,"Palm oil and its fractions, not chemically modified",0,,,,,,5000.0,,8194,,,0
HS,2014,201410,October 2014,4,0,2,Exports,826,United Kingdom,,40,Austria,,,,,,,,,1511,"Palm oil and its fractions, not chemically modified",0,,,,,,49.0,,243,,,0
HS,2014,201410,October 2014,4,0,1,Imports,826,United Kingdom,,56,Belgium,,,,,,,,,1511,"Palm oil and its fractions, not chemically modified",0,,,,,,220.0,,880,,,0
HS,2014,201410,October 2014,4,0,2,Exports,826,United Kingdom,,56,Belgium,,,,,,,,,1511,"Palm oil and its fractions, not chemically modified",0,,,,,,5392.0,,16435,,,0
HS,2014,201410,October 2014,4,0,1,Imports,826,United Kingdom,,90,Solomon Isds,,,,,,,,,1511,"Palm oil and its fractions, not chemically modified",0,,,,,,4497484.0,,3951044,,,0
HS,2014,201410,October 2014,4,0,2,Exports,826,United Kingdom,,233,Estonia,,,,,,,,,1511,"Palm oil and its fractions, not chemically modified",0,,,,,,108.0,,84,,,0
HS,2014,201410,October 2014,4,0,2,Exports,826,United Kingdom,,246,Finland,,,,,,,,,1511,"Palm oil and its fractions, not chemically modified",0,,,,,,26154.0,,33457,,,0
HS,2014,201410,October 2014,4,0,2,Exports,826,United Kingdom,,251,France,,,,,,,,,1511,"Palm oil and its fractions, not chemically modified",0,,,,,,67732.0,,151688,,,0
HS,2014,201410,October 2014,4,0,1,Imports,826,United Kingdom,,276,Germany,,,,,,,,,1511,"Palm oil and its fractions, not chemically modified",0,,,,,,421736.0,,556276,,,0
HS,2014,201410,October 2014,4,0,2,Exports,826,United Kingdom,,276,Germany,,,,,,,,,1511,"Palm oil and its fractions, not chemically modified",0,,,,,,218420.0,,304834,,,0
HS,2014,201410,October 2014,4,0,1,Imports,826,United Kingdom,,288,Ghana,,,,,,,,,1511,"Palm oil and its fractions, not chemically modified",0,,,,,,76931.0,,137469,,,0
HS,2014,201410,October 2014,4,0,2,Exports,826,United Kingdom,,348,Hungary,,,,,,,,,1511,"Palm oil and its fractions, not chemically modified",0,,,,,,35.0,,103,,,0
HS,2014,201410,October 2014,4,0,1,Imports,826,United Kingdom,,360,Indonesia,,,,,,,,,1511,"Palm oil and its fractions, not chemically modified",0,,,,,,2871017.0,,2377990,,,0
HS,2014,201410,October 2014,4,0,2,Exports,826,United Kingdom,,372,Ireland,,,,,,,,,1511,"Palm oil and its fractions, not chemically modified",0,,,,,,1167284.0,,1851771,,,0
HS,2014,201410,October 2014,4,0,2,Exports,826,United Kingdom,,381,Italy,,,,,,,,,1511,"Palm oil and its fractions, not chemically modified",0,,,,,,25881.0,,70625,,,0
HS,2014,201410,October 2014,4,0,2,Exports,826,United Kingdom,,392,Japan,,,,,,,,,1511,"Palm oil and its fractions, not chemically modified",0,,,,,,419.0,,21951,,,0
HS,2014,201410,October 2014,4,0,2,Exports,826,United Kingdom,,400,Jordan,,,,,,,,,1511,"Palm oil and its fractions, not chemically modified",0,,,,,,22.0,,3207,,,0
HS,2014,201410,October 2014,4,0,2,Exports,826,United Kingdom,,440,Lithuania,,,,,,,,,1511,"Palm oil and its fractions, not chemically modified",0,,,,,,6.0,,11,,,0
HS,2014,201410,October 2014,4,0,1,Imports,826,United Kingdom,,458,Malaysia,,,,,,,,,1511,"Palm oil and its fractions, not chemically modified",0,,,,,,4302656.0,,3903163,,,0
HS,2014,201410,October 2014,4,0,2,Exports,826,United Kingdom,,470,Malta,,,,,,,,,1511,"Palm oil and its fractions, not chemically modified",0,,,,,,42423.0,,61422,,,0
HS,2014,201410,October 2014,4,0,1,Imports,826,United Kingdom,,528,Netherlands,,,,,,,,,1511,"Palm oil and its fractions, not chemically modified",0,,,,,,3969049.0,,4503874,,,0
HS,2014,201410,October 2014,4,0,2,Exports,826,United Kingdom,,528,Netherlands,,,,,,,,,1511,"Palm oil and its fractions, not chemically modified",0,,,,,,4921.0,,13201,,,0
HS,2014,201410,October 2014,4,0,1,Imports,826,United Kingdom,,566,Nigeria,,,,,,,,,1511,"Palm oil and its fractions, not chemically modified",0,,,,,,2660.0,,797,,,0
HS,2014,201410,October 2014,4,0,2,Exports,826,United Kingdom,,579,Norway,,,,,,,,,1511,"Palm oil and its fractions, not chemically modified",0,,,,,,3271.0,,19287,,,0
HS,2014,201410,October 2014,4,0,1,Imports,826,United Kingdom,,598,Papua New Guinea,,,,,,,,,1511,"Palm oil and its fractions, not chemically modified",0,,,,,,32921149.0,,28227792,,,0
HS,2014,201410,October 2014,4,0,1,Imports,826,United Kingdom,,616,Poland,,,,,,,,,1511,"Palm oil and its fractions, not chemically modified",0,,,,,,2378.0,,3016,,,0
HS,2014,201410,October 2014,4,0,2,Exports,826,United Kingdom,,616,Poland,,,,,,,,,1511,"Palm oil and its fractions, not chemically modified",0,,,,,,83653.0,,140853,,,0
HS,2014,201410,October 2014,4,0,2,Exports,826,United Kingdom,,620,Portugal,,,,,,,,,1511,"Palm oil and its fractions, not chemically modified",0,,,,,,2906.0,,5250,,,0
HS,2014,201410,October 2014,4,0,2,Exports,826,United Kingdom,,643,Russian Federation,,,,,,,,,1511,"Palm oil and its fractions, not chemically modified",0,,,,,,1000.0,,2162,,,0
HS,2014,201410,October 2014,4,0,2,Exports,826,United Kingdom,,702,Singapore,,,,,,,,,1511,"Palm oil and its fractions, not chemically modified",0,,,,,,3000.0,,5607,,,0
HS,2014,201410,October 2014,4,0,2,Exports,826,United Kingdom,,703,Slovakia,,,,,,,,,1511,"Palm oil and its fractions, not chemically modified",0,,,,,,72.0,,599,,,0
HS,2014,201410,October 2014,4,0,1,Imports,826,United Kingdom,,724,Spain,,,,,,,,,1511,"Palm oil and its fractions, not chemically modified",0,,,,,,41742.0,,51536,,,0
HS,2014,201410,October 2014,4,0,2,Exports,826,United Kingdom,,724,Spain,,,,,,,,,1511,"Palm oil and its fractions, not chemically modified",0,,,,,,15149.0,,29310,,,0
HS,2014,201410,October 2014,4,0,2,Exports,826,United Kingdom,,752,Sweden,,,,,,,,,1511,"Palm oil and its fractions, not chemically modified",0,,,,,,1159.0,,1709,,,0
HS,2014,201410,October 2014,4,0,2,Exports,826,United Kingdom,,757,Switzerland,,,,,,,,,1511,"Palm oil and its fractions, not chemically modified",0,,,,,,1700.0,,4916,,,0
HS,2014,201410,October 2014,4,0,2,Exports,826,United Kingdom,,842,United States of America,,,,,,,,,1511,"Palm oil and its fractions, not chemically modified",0,,,,,,4978.0,,70838,,,0
HS,2014,201411,November 2014,4,0,1,Imports,826,United Kingdom,,0,World,,,,,,,,,1511,"Palm oil and its fractions, not chemically modified",0,,,,,,12662496.0,,12451432,,,0
HS,2014,201411,November 2014,4,0,2,Exports,826,United Kingdom,,0,World,,,,,,,,,1511,"Palm oil and its fractions, not chemically modified",0,,,,,,,,2866522,,,0
HS,2014,201411,November 2014,4,0,2,Exports,826,United Kingdom,,36,Australia,,,,,,,,,1511,"Palm oil and its fractions, not chemically modified",0,,,,,,10945.0,,17441,,,0
HS,2014,201411,November 2014,4,0,2,Exports,826,United Kingdom,,40,Austria,,,,,,,,,1511,"Palm oil and its fractions, not chemically modified",0,,,,,,6218.0,,21123,,,0
HS,2014,201411,November 2014,4,0,1,Imports,826,United Kingdom,,56,Belgium,,,,,,,,,1511,"Palm oil and its fractions, not chemically modified",0,,,,,,100.0,,241,,,0
HS,2014,201411,November 2014,4,0,2,Exports,826,United Kingdom,,56,Belgium,,,,,,,,,1511,"Palm oil and its fractions, not chemically modified",0,,,,,,1058.0,,1652,,,0
HS,2014,201411,November 2014,4,0,1,Imports,826,United Kingdom,,76,Brazil,,,,,,,,,1511,"Palm oil and its fractions, not chemically modified",0,,,,,,137.0,,1373,,,0
HS,2014,201411,November 2014,4,0,2,Exports,826,United Kingdom,,76,Brazil,,,,,,,,,1511,"Palm oil and its fractions, not chemically modified",0,,,,,,158.0,,9808,,,0
HS,2014,201411,November 2014,4,0,2,Exports,826,United Kingdom,,208,Denmark,,,,,,,,,1511,"Palm oil and its fractions, not chemically modified",0,,,,,,61.0,,185,,,0
HS,2014,201411,November 2014,4,0,2,Exports,826,United Kingdom,,246,Finland,,,,,,,,,1511,"Palm oil and its fractions, not chemically modified",0,,,,,,29087.0,,42487,,,0
HS,2014,201411,November 2014,4,0,1,Imports,826,United Kingdom,,251,France,,,,,,,,,1511,"Palm oil and its fractions, not chemically modified",0,,,,,,3470.0,,13774,,,0
HS,2014,201411,November 2014,4,0,2,Exports,826,United Kingdom,,251,France,,,,,,,,,1511,"Palm oil and its fractions, not chemically modified",0,,,,,,21042.0,,49804,,,0
HS,2014,201411,November 2014,4,0,1,Imports,826,United Kingdom,,276,Germany,,,,,,,,,1511,"Palm oil and its fractions, not chemically modified",0,,,,,,236019.0,,273777,,,0
HS,2014,201411,November 2014,4,0,2,Exports,826,United Kingdom,,276,Germany,,,,,,,,,1511,"Palm oil and its fractions, not chemically modified",0,,,,,,262809.0,,319363,,,0
HS,2014,201411,November 2014,4,0,1,Imports,826,United Kingdom,,288,Ghana,,,,,,,,,1511,"Palm oil and its fractions, not chemically modified",0,,,,,,43207.0,,52295,,,0
HS,2014,201411,November 2014,4,0,2,Exports,826,United Kingdom,,300,Greece,,,,,,,,,1511,"Palm oil and its fractions, not chemically modified",0,,,,,,2001.0,,1052,,,0
HS,2014,201411,November 2014,4,0,1,Imports,826,United Kingdom,,360,Indonesia,,,,,,,,,1511,"Palm oil and its fractions, not chemically modified",0,,,,,,2522954.0,,2067083,,,0
HS,2014,201411,November 2014,4,0,2,Exports,826,United Kingdom,,372,Ireland,,,,,,,,,1511,"Palm oil and its fractions, not chemically modified",0,,,,,,1224749.0,,1929905,,,0
HS,2014,201411,November 2014,4,0,2,Exports,826,United Kingdom,,381,Italy,,,,,,,,,1511,"Palm oil and its fractions, not chemically modified",0,,,,,,19580.0,,41123,,,0
HS,2014,201411,November 2014,4,0,2,Exports,826,United Kingdom,,392,Japan,,,,,,,,,1511,"Palm oil and its fractions, not chemically modified",0,,,,,,66.0,,3741,,,0
HS,2014,201411,November 2014,4,0,1,Imports,826,United Kingdom,,458,Malaysia,,,,,,,,,1511,"Palm oil and its fractions, not chemically modified",0,,,,,,2041664.0,,1910889,,,0
HS,2014,201411,November 2014,4,0,2,Exports,826,United Kingdom,,470,Malta,,,,,,,,,1511,"Palm oil and its fractions, not chemically modified",0,,,,,,39799.0,,56968,,,0
HS,2014,201411,November 2014,4,0,2,Exports,826,United Kingdom,,504,Morocco,,,,,,,,,1511,"Palm oil and its fractions, not chemically modified",0,,,,,,190.0,,1409,,,0
HS,2014,201411,November 2014,4,0,1,Imports,826,United Kingdom,,528,Netherlands,,,,,,,,,1511,"Palm oil and its fractions, not chemically modified",0,,,,,,4790854.0,,5237675,,,0
HS,2014,201411,November 2014,4,0,2,Exports,826,United Kingdom,,528,Netherlands,,,,,,,,,1511,"Palm oil and its fractions, not chemically modified",0,,,,,,130408.0,,236269,,,0
HS,2014,201411,November 2014,4,0,1,Imports,826,United Kingdom,,566,Nigeria,,,,,,,,,1511,"Palm oil and its fractions, not chemically modified",0,,,,,,6440.0,,2204,,,0
HS,2014,201411,November 2014,4,0,1,Imports,826,United Kingdom,,598,Papua New Guinea,,,,,,,,,1511,"Palm oil and its fractions, not chemically modified",0,,,,,,2645009.0,,2515367,,,0
HS,2014,201411,November 2014,4,0,1,Imports,826,United Kingdom,,616,Poland,,,,,,,,,1511,"Palm oil and its fractions, not chemically modified",0,,,,,,2929.0,,3676,,,0
HS,2014,201411,November 2014,4,0,2,Exports,826,United Kingdom,,616,Poland,,,,,,,,,1511,"Palm oil and its fractions, not chemically modified",0,,,,,,36478.0,,61766,,,0
HS,2014,201411,November 2014,4,0,2,Exports,826,United Kingdom,,620,Portugal,,,,,,,,,1511,"Palm oil and its fractions, not chemically modified",0,,,,,,3358.0,,5258,,,0
HS,2014,201411,November 2014,4,0,1,Imports,826,United Kingdom,,694,Sierra Leone,,,,,,,,,1511,"Palm oil and its fractions, not chemically modified",0,,,,,,20000.0,,3931,,,0
HS,2014,201411,November 2014,4,0,2,Exports,826,United Kingdom,,703,Slovakia,,,,,,,,,1511,"Palm oil and its fractions, not chemically modified",0,,,,,,72.0,,585,,,0
HS,2014,201411,November 2014,4,0,1,Imports,826,United Kingdom,,724,Spain,,,,,,,,,1511,"Palm oil and its fractions, not chemically modified",0,,,,,,349713.0,,369146,,,0
HS,2014,201411,November 2014,4,0,2,Exports,826,United Kingdom,,724,Spain,,,,,,,,,1511,"Palm oil and its fractions, not chemically modified",0,,,,,,17605.0,,37123,,,0
HS,2014,201411,November 2014,4,0,2,Exports,826,United Kingdom,,752,Sweden,,,,,,,,,1511,"Palm oil and its fractions, not chemically modified",0,,,,,,712.0,,2444,,,0
HS,2014,201411,November 2014,4,0,2,Exports,826,United Kingdom,,757,Switzerland,,,,,,,,,1511,"Palm oil and its fractions, not chemically modified",0,,,,,,4018.0,,12306,,,0
HS,2014,201411,November 2014,4,0,2,Exports,826,United Kingdom,,764,Thailand,,,,,,,,,1511,"Palm oil and its fractions, not chemically modified",0,,,,,,290.0,,9494,,,0
HS,2014,201411,November 2014,4,0,2,Exports,826,United Kingdom,,784,United Arab Emirates,,,,,,,,,1511,"Palm oil and its fractions, not chemically modified",0,,,,,,,,1832,,,0
HS,2014,201411,November 2014,4,0,2,Exports,826,United Kingdom,,842,United States of America,,,,,,,,,1511,"Palm oil and its fractions, not chemically modified",0,,,,,,3.0,,3386,,,0
HS,2014,201412,December 2014,4,0,1,Imports,826,United Kingdom,,0,World,,,,,,,,,1511,"Palm oil and its fractions, not chemically modified",0,,,,,,37379506.0,,30568455,,,0
HS,2014,201412,December 2014,4,0,2,Exports,826,United Kingdom,,0,World,,,,,,,,,1511,"Palm oil and its fractions, not chemically modified",0,,,,,,2543042.0,,4351760,,,0
HS,2014,201412,December 2014,4,0,2,Exports,826,United Kingdom,,36,Australia,,,,,,,,,1511,"Palm oil and its fractions, not chemically modified",0,,,,,,23440.0,,37945,,,0
HS,2014,201412,December 2014,4,0,2,Exports,826,United Kingdom,,40,Austria,,,,,,,,,1511,"Palm oil and its fractions, not chemically modified",0,,,,,,180.0,,413,,,0
HS,2014,201412,December 2014,4,0,1,Imports,826,United Kingdom,,56,Belgium,,,,,,,,,1511,"Palm oil and its fractions, not chemically modified",0,,,,,,17500.0,,21906,,,0
HS,2014,201412,December 2014,4,0,2,Exports,826,United Kingdom,,56,Belgium,,,,,,,,,1511,"Palm oil and its fractions, not chemically modified",0,,,,,,6113.0,,17790,,,0
HS,2014,201412,December 2014,4,0,1,Imports,826,United Kingdom,,90,Solomon Isds,,,,,,,,,1511,"Palm oil and its fractions, not chemically modified",0,,,,,,3078910.0,,2521544,,,0
HS,2014,201412,December 2014,4,0,1,Imports,826,United Kingdom,,170,Colombia,,,,,,,,,1511,"Palm oil and its fractions, not chemically modified",0,,,,,,65160.0,,126327,,,0
HS,2014,201412,December 2014,4,0,1,Imports,826,United Kingdom,,218,Ecuador,,,,,,,,,1511,"Palm oil and its fractions, not chemically modified",0,,,,,,24150.0,,39631,,,0
HS,2014,201412,December 2014,4,0,2,Exports,826,United Kingdom,,233,Estonia,,,,,,,,,1511,"Palm oil and its fractions, not chemically modified",0,,,,,,20.0,,41,,,0
HS,2014,201412,December 2014,4,0,2,Exports,826,United Kingdom,,246,Finland,,,,,,,,,1511,"Palm oil and its fractions, not chemically modified",0,,,,,,24759.0,,30860,,,0
HS,2014,201412,December 2014,4,0,2,Exports,826,United Kingdom,,251,France,,,,,,,,,1511,"Palm oil and its fractions, not chemically modified",0,,,,,,57332.0,,154971,,,0
HS,2014,201412,December 2014,4,0,1,Imports,826,United Kingdom,,276,Germany,,,,,,,,,1511,"Palm oil and its fractions, not chemically modified",0,,,,,,175553.0,,359952,,,0
HS,2014,201412,December 2014,4,0,2,Exports,826,United Kingdom,,276,Germany,,,,,,,,,1511,"Palm oil and its fractions, not chemically modified",0,,,,,,185016.0,,207161,,,0
HS,2014,201412,December 2014,4,0,1,Imports,826,United Kingdom,,288,Ghana,,,,,,,,,1511,"Palm oil and its fractions, not chemically modified",0,,,,,,95402.0,,150748,,,0
HS,2014,201412,December 2014,4,0,2,Exports,826,United Kingdom,,348,Hungary,,,,,,,,,1511,"Palm oil and its fractions, not chemically modified",0,,,,,,8.0,,47,,,0
HS,2014,201412,December 2014,4,0,1,Imports,826,United Kingdom,,360,Indonesia,,,,,,,,,1511,"Palm oil and its fractions, not chemically modified",0,,,,,,1551231.0,,1199037,,,0
HS,2014,201412,December 2014,4,0,2,Exports,826,United Kingdom,,372,Ireland,,,,,,,,,1511,"Palm oil and its fractions, not chemically modified",0,,,,,,1709463.0,,2879933,,,0
HS,2014,201412,December 2014,4,0,2,Exports,826,United Kingdom,,381,Italy,,,,,,,,,1511,"Palm oil and its fractions, not chemically modified",0,,,,,,14527.0,,39889,,,0
HS,2014,201412,December 2014,4,0,2,Exports,826,United Kingdom,,392,Japan,,,,,,,,,1511,"Palm oil and its fractions, not chemically modified",0,,,,,,505.0,,24261,,,0
HS,2014,201412,December 2014,4,0,2,Exports,826,United Kingdom,,440,Lithuania,,,,,,,,,1511,"Palm oil and its fractions, not chemically modified",0,,,,,,26.0,,64,,,0
HS,2014,201412,December 2014,4,0,1,Imports,826,United Kingdom,,458,Malaysia,,,,,,,,,1511,"Palm oil and its fractions, not chemically modified",0,,,,,,6119885.0,,5573897,,,0
HS,2014,201412,December 2014,4,0,2,Exports,826,United Kingdom,,470,Malta,,,,,,,,,1511,"Palm oil and its fractions, not chemically modified",0,,,,,,53249.0,,84898,,,0
HS,2014,201412,December 2014,4,0,1,Imports,826,United Kingdom,,528,Netherlands,,,,,,,,,1511,"Palm oil and its fractions, not chemically modified",0,,,,,,6940578.0,,6603862,,,0
HS,2014,201412,December 2014,4,0,2,Exports,826,United Kingdom,,528,Netherlands,,,,,,,,,1511,"Palm oil and its fractions, not chemically modified",0,,,,,,429473.0,,773427,,,0
HS,2014,201412,December 2014,4,0,1,Imports,826,United Kingdom,,598,Papua New Guinea,,,,,,,,,1511,"Palm oil and its fractions, not chemically modified",0,,,,,,18942056.0,,13538964,,,0
HS,2014,201412,December 2014,4,0,1,Imports,826,United Kingdom,,616,Poland,,,,,,,,,1511,"Palm oil and its fractions, not chemically modified",0,,,,,,5082.0,,6177,,,0
HS,2014,201412,December 2014,4,0,2,Exports,826,United Kingdom,,616,Poland,,,,,,,,,1511,"Palm oil and its fractions, not chemically modified",0,,,,,,5175.0,,9377,,,0
HS,2014,201412,December 2014,4,0,2,Exports,826,United Kingdom,,620,Portugal,,,,,,,,,1511,"Palm oil and its fractions, not chemically modified",0,,,,,,3240.0,,5559,,,0
HS,2014,201412,December 2014,4,0,2,Exports,826,United Kingdom,,699,India,,,,,,,,,1511,"Palm oil and its fractions, not chemically modified",0,,,,,,110.0,,2658,,,0
HS,2014,201412,December 2014,4,0,1,Imports,826,United Kingdom,,724,Spain,,,,,,,,,1511,"Palm oil and its fractions, not chemically modified",0,,,,,,355614.0,,382549,,,0
HS,2014,201412,December 2014,4,0,2,Exports,826,United Kingdom,,724,Spain,,,,,,,,,1511,"Palm oil and its fractions, not chemically modified",0,,,,,,28905.0,,75567,,,0
HS,2014,201412,December 2014,4,0,1,Imports,826,United Kingdom,,752,Sweden,,,,,,,,,1511,"Palm oil and its fractions, not chemically modified",0,,,,,,5600.0,,42363,,,0
HS,2014,201412,December 2014,4,0,2,Exports,826,United Kingdom,,752,Sweden,,,,,,,,,1511,"Palm oil and its fractions, not chemically modified",0,,,,,,185.0,,665,,,0
HS,2014,201412,December 2014,4,0,1,Imports,826,United Kingdom,,818,Egypt,,,,,,,,,1511,"Palm oil and its fractions, not chemically modified",0,,,,,,2785.0,,1497,,,0
HS,2014,201412,December 2014,4,0,2,Exports,826,United Kingdom,,818,Egypt,,,,,,,,,1511,"Palm oil and its fractions, not chemically modified",0,,,,,,1081.0,,3549,,,0
HS,2014,201412,December 2014,4,0,2,Exports,826,United Kingdom,,842,United States of America,,,,,,,,,1511,"Palm oil and its fractions, not chemically modified",0,,,,,,235.0,,2686,,,0
